Ботинки ESCAN,7 299 руб.,No info,В кредит без переплаты от 1 217 руб./мес.
Ботинки El'rosso,11 999 руб.,No info,В кредит без переплаты от 2 000 руб./мес.
Ботинки TOFA,8 999 руб.,No info,В кредит без переплаты от 1 500 руб./мес.
Ботинки BADEN,6 799 руб.,No info,В кредит без переплаты от 1 133 руб./мес.
Ботинки BADEN,7 699 руб.,No info,В кредит без переплаты от 1 283 руб./мес.
Ботинки BADEN,7 799 руб.,No info,В кредит без переплаты от 1 300 руб./мес.
Ботинки Rieker,12 399 руб.,No info,В кредит без переплаты от 2 067 руб./мес.
Ботинки PAVI,9 599 руб.,13 799 руб.,В кредит без переплаты от 1 600 руб./мес.
Ботинки Podio,5 599 руб.,11 199 руб.,В кредит без переплаты от 933 руб./мес.
Ботинки Podio,5 599 руб.,11 199 руб.,В кредит без переплаты от 933 руб./мес.
Ботинки BADEN,5 599 руб.,7 999 руб.,В кредит без переплаты от 933 руб./мес.
Ботинки Rieker,7 999 руб.,11 499 руб.,В кредит без переплаты от 1 333 руб./мес.
Ботинки Rieker,10 999 руб.,No info,В кредит без переплаты от 1 833 руб./мес.
Ботинки TOFA,3 999 руб.,7 999 руб.,В кредит без переплаты от 667 руб./мес.
Ботинки Rieker,5 999 руб.,9 999 руб.,В кредит без переплаты от 1 000 руб./мес.
Ботинки Rieker,5 999 руб.,9 999 руб.,В кредит без переплаты от 1 000 руб./мес.
Ботинки Rieker,5 399 руб.,8 999 руб.,В кредит без переплаты от 900 руб./мес.
Ботинки Rieker,5 699 руб.,9 499 руб.,В кредит без переплаты от 950 руб./мес.
Ботинки Rieker,6 499 руб.,12 999 руб.,В кредит без переплаты от 1 083 руб./мес.
Ботинки TOFA,4 999 руб.,9 999 руб.,В кредит без переплаты от 833 руб./мес.
Ботинки Grosseto,4 999 руб.,9 999 руб.,В кредит без переплаты от 833 руб./мес.
Ботинки BADEN,4 999 руб.,6 699 руб.,В кредит без переплаты от 833 руб./мес.
Ботинки STIVALI DORO,5 699 руб.,11 399 руб.,В кредит без переплаты от 950 руб./мес.
Ботинки STIVALI DORO,7 699 руб.,10 999 руб.,В кредит без переплаты от 1 283 руб./мес.
Ботинки Bochetti,6 999 руб.,13 999 руб.,В кредит без переплаты от 1 167 руб./мес.
Ботинки Bochetti,6 999 руб.,13 999 руб.,В кредит без переплаты от 1 167 руб./мес.
Ботинки SHUMANN,4 999 руб.,9 999 руб.,В кредит без переплаты от 833 руб./мес.
Ботинки SHUMANN,4 899 руб.,9 799 руб.,В кредит без переплаты от 817 руб./мес.
Ботинки Cardinal's world,6 999 руб.,13 999 руб.,В кредит без переплаты от 1 167 руб./мес.
Ботинки Cardinal's world,6 999 руб.,13 999 руб.,В кредит без переплаты от 1 167 руб./мес.
Ботинки GRUNBERG,7 999 руб.,No info,В кредит без переплаты от 1 333 руб./мес.
Ботинки Rieker,8 899 руб.,12 799 руб.,В кредит без переплаты от 1 483 руб./мес.
Ботинки Rieker,6 999 руб.,13 999 руб.,В кредит без переплаты от 1 167 руб./мес.
Ботинки Rieker,9 999 руб.,14 299 руб.,В кредит без переплаты от 1 667 руб./мес.
Ботинки SoloStyle,7 699 руб.,10 999 руб.,В кредит без переплаты от 1 283 руб./мес.
Ботинки World of Magellan,5 599 руб.,11 199 руб.,В кредит без переплаты от 933 руб./мес.
Ботинки World of Magellan,7 699 руб.,10 999 руб.,В кредит без переплаты от 1 283 руб./мес.
Ботинки Cardinal's world,6 999 руб.,13 999 руб.,В кредит без переплаты от 1 167 руб./мес.
Ботинки World of Magellan,7 899 руб.,11 299 руб.,В кредит без переплаты от 1 317 руб./мес.
Ботинки Cardinal's world,8 699 руб.,12 499 руб.,В кредит без переплаты от 1 450 руб./мес.
Ботинки World of Magellan,6 299 руб.,12 599 руб.,В кредит без переплаты от 1 050 руб./мес.
Ботинки SoloStyle,4 999 руб.,9 999 руб.,В кредит без переплаты от 833 руб./мес.
Ботинки SoloStyle,6 599 руб.,9 499 руб.,В кредит без переплаты от 1 100 руб./мес.
Ботинки SoloStyle,7 699 руб.,10 999 руб.,В кредит без переплаты от 1 283 руб./мес.
Ботинки ABRICOT PREMIUM,3 999 руб.,13 399 руб.,В кредит без переплаты от 667 руб./мес.
Ботинки SHUMANN,7 999 руб.,12 399 руб.,В кредит без переплаты от 1 333 руб./мес.
Ботинки SHUMANN,6 999 руб.,9 999 руб.,В кредит без переплаты от 1 167 руб./мес.
Ботинки Podio,6 999 руб.,9 999 руб.,В кредит без переплаты от 1 167 руб./мес.
Ботинки BADEN,6 999 руб.,No info,В кредит без переплаты от 1 167 руб./мес.
Ботинки El'Rosso,8 999 руб.,17 999 руб.,В кредит без переплаты от 1 500 руб./мес.
Ботинки ESCAN,4 499 руб.,8 999 руб.,В кредит без переплаты от 750 руб./мес.
Ботинки ESCAN,4 599 руб.,9 199 руб.,В кредит без переплаты от 767 руб./мес.
Ботинки TOFA,5 599 руб.,7 999 руб.,В кредит без переплаты от 933 руб./мес.
Ботинки TOFA,7 399 руб.,10 599 руб.,В кредит без переплаты от 1 233 руб./мес.
Ботинки BADEN,7 999 руб.,No info,В кредит без переплаты от 1 333 руб./мес.
Ботинки BADEN,4 699 руб.,9 399 руб.,В кредит без переплаты от 783 руб./мес.
Ботинки BADEN,6 399 руб.,7 999 руб.,В кредит без переплаты от 1 067 руб./мес.
Ботинки BADEN,5 299 руб.,7 599 руб.,В кредит без переплаты от 883 руб./мес.
Ботинки Rieker,8 999 руб.,12 899 руб.,В кредит без переплаты от 1 500 руб./мес.
Ботинки NexPero,4 599 руб.,9 199 руб.,В кредит без переплаты от 767 руб./мес.
Ботинки SHOIBERG,8 599 руб.,No info,В кредит без переплаты от 1 433 руб./мес.
Ботинки ABRICOT,2 999 руб.,8 599 руб.,No info
Ботинки TOFA,4 999 руб.,9 999 руб.,В кредит без переплаты от 833 руб./мес.
Ботинки World of Magellan,6 999 руб.,10 799 руб.,В кредит без переплаты от 1 167 руб./мес.
Ботинки ESCAN,7 999 руб.,No info,В кредит без переплаты от 1 333 руб./мес.
Ботинки ESCAN,5 999 руб.,11 999 руб.,В кредит без переплаты от 1 000 руб./мес.
Ботинки El'rosso,10 799 руб.,15 499 руб.,В кредит без переплаты от 1 800 руб./мес.
Ботинки World of Magellan,6 999 руб.,10 799 руб.,В кредит без переплаты от 1 167 руб./мес.
Ботинки World of Magellan,4 999 руб.,9 999 руб.,В кредит без переплаты от 833 руб./мес.
Ботинки Rieker,9 799 руб.,13 999 руб.,В кредит без переплаты от 1 633 руб./мес.
Ботинки World of Magellan,6 799 руб.,9 799 руб.,В кредит без переплаты от 1 133 руб./мес.
Ботинки GRUNBERG,7 699 руб.,10 999 руб.,В кредит без переплаты от 1 283 руб./мес.
Ботинки GRUNBERG,8 999 руб.,No info,В кредит без переплаты от 1 500 руб./мес.
Ботинки PAVI,11 999 руб.,17 199 руб.,В кредит без переплаты от 2 000 руб./мес.
Ботинки BADEN,5 899 руб.,8 499 руб.,В кредит без переплаты от 983 руб./мес.
Ботинки BADEN,6 999 руб.,9 999 руб.,В кредит без переплаты от 1 167 руб./мес.
Ботинки GRUNBERG,10 799 руб.,No info,В кредит без переплаты от 1 800 руб./мес.
Ботинки Podio,6 799 руб.,9 799 руб.,В кредит без переплаты от 1 133 руб./мес.
Ботинки World of Magellan,6 999 руб.,13 999 руб.,В кредит без переплаты от 1 167 руб./мес.
Ботинки World of Magellan,7 799 руб.,11 199 руб.,В кредит без переплаты от 1 300 руб./мес.
Ботинки World of Magellan,6 999 руб.,10 799 руб.,В кредит без переплаты от 1 167 руб./мес.
Ботинки TOFA,8 599 руб.,9 599 руб.,В кредит без переплаты от 1 433 руб./мес.
Ботинки BADEN,6 299 руб.,8 999 руб.,В кредит без переплаты от 1 050 руб./мес.
Ботинки BADEN,5 999 руб.,8 599 руб.,В кредит без переплаты от 1 000 руб./мес.
Ботинки World of Magellan,6 299 руб.,8 999 руб.,В кредит без переплаты от 1 050 руб./мес.
Ботинки World of Magellan,6 299 руб.,8 999 руб.,В кредит без переплаты от 1 050 руб./мес.
Ботинки Marco Tredi,6 599 руб.,9 499 руб.,В кредит без переплаты от 1 100 руб./мес.
Ботинки Marco Tredi,6 999 руб.,10 799 руб.,В кредит без переплаты от 1 167 руб./мес.
Ботинки Marco Tredi,6 999 руб.,9 399 руб.,В кредит без переплаты от 1 167 руб./мес.
Ботинки PAVI,9 499 руб.,13 599 руб.,В кредит без переплаты от 1 583 руб./мес.
Ботинки PAVI,9 999 руб.,15 399 руб.,В кредит без переплаты от 1 667 руб./мес.
Ботинки TOFA,6 999 руб.,13 999 руб.,В кредит без переплаты от 1 167 руб./мес.
Ботинки CROSBY,4 999 руб.,9 999 руб.,В кредит без переплаты от 833 руб./мес.
Ботинки Rieker,7 999 руб.,15 999 руб.,В кредит без переплаты от 1 333 руб./мес.
Ботинки Rieker,10 999 руб.,15 799 руб.,В кредит без переплаты от 1 833 руб./мес.
Ботинки Podio,6 699 руб.,9 599 руб.,В кредит без переплаты от 1 117 руб./мес.
Ботинки Podio,6 299 руб.,8 999 руб.,В кредит без переплаты от 1 050 руб./мес.
Ботинки Podio,5 999 руб.,8 599 руб.,В кредит без переплаты от 1 000 руб./мес.
Ботинки World of Magellan,6 999 руб.,13 999 руб.,В кредит без переплаты от 1 167 руб./мес.
Ботинки Rieker,9 999 руб.,14 299 руб.,В кредит без переплаты от 1 667 руб./мес.
Ботинки Nine Lines,8 999 руб.,12 899 руб.,В кредит без переплаты от 1 500 руб./мес.
Ботинки Nine Lines,7 799 руб.,11 199 руб.,В кредит без переплаты от 1 300 руб./мес.
Ботинки TOFA,6 299 руб.,8 999 руб.,В кредит без переплаты от 1 050 руб./мес.
Ботинки World of Magellan,6 599 руб.,9 499 руб.,В кредит без переплаты от 1 100 руб./мес.
Ботинки World of Magellan,7 699 руб.,10 999 руб.,В кредит без переплаты от 1 283 руб./мес.
Ботинки Bochetti,7 899 руб.,11 299 руб.,В кредит без переплаты от 1 317 руб./мес.
Ботинки TOFA,6 299 руб.,8 999 руб.,В кредит без переплаты от 1 050 руб./мес.
Ботинки TOFA,5 699 руб.,8 199 руб.,В кредит без переплаты от 950 руб./мес.
Ботинки TOFA,5 999 руб.,8 599 руб.,В кредит без переплаты от 1 000 руб./мес.
Ботинки Montini Richi,2 999 руб.,9 999 руб.,No info
Ботинки Magellan,2 999 руб.,9 999 руб.,No info
Ботинки Magellan,2 899 руб.,9 699 руб.,No info
Ботинки Magellan,3 399 руб.,11 399 руб.,В кредит без переплаты от 567 руб./мес.
Ботинки Magellan,3 399 руб.,11 399 руб.,В кредит без переплаты от 567 руб./мес.
Ботинки Grosseto,7 399 руб.,14 799 руб.,В кредит без переплаты от 1 233 руб./мес.
Ботинки GRUNBERG,3 999 руб.,13 399 руб.,В кредит без переплаты от 667 руб./мес.
Ботинки Magellan,3 899 руб.,12 999 руб.,В кредит без переплаты от 650 руб./мес.
Ботинки Grosseto,3 599 руб.,11 999 руб.,В кредит без переплаты от 600 руб./мес.
Ботинки GRUNBERG,4 499 руб.,14 999 руб.,В кредит без переплаты от 750 руб./мес.
Ботинки GRUNBERG,4 599 руб.,15 399 руб.,В кредит без переплаты от 767 руб./мес.
Ботинки Grosseto,3 599 руб.,11 999 руб.,В кредит без переплаты от 600 руб./мес.
Ботинки PAVI,4 999 руб.,16 699 руб.,В кредит без переплаты от 833 руб./мес.
Ботинки GRUNBERG,2 999 руб.,14 999 руб.,No info
Ботинки Podio,2 499 руб.,8 399 руб.,No info
Ботинки Podio,2 699 руб.,8 999 руб.,No info
Ботинки TOFA,6 299 руб.,8 999 руб.,В кредит без переплаты от 1 050 руб./мес.
Ботинки Grosseto,3 299 руб.,10 999 руб.,No info
Ботинки Marco Tredi,2 899 руб.,9 699 руб.,No info
Ботинки Podio,2 999 руб.,9 999 руб.,No info
Ботинки TOFA,6 599 руб.,9 499 руб.,В кредит без переплаты от 1 100 руб./мес.
Ботинки BADEN,1 999 руб.,6 699 руб.,No info
Ботинки Marco Tredi,3 799 руб.,12 699 руб.,В кредит без переплаты от 633 руб./мес.
Ботинки TORSION FIELD,6 299 руб.,8 999 руб.,В кредит без переплаты от 1 050 руб./мес.
Ботинки TOFA,5 699 руб.,8 199 руб.,В кредит без переплаты от 950 руб./мес.
Ботинки BADEN,2 399 руб.,6 899 руб.,No info
Ботинки BADEN,999 руб.,9 999 руб.,No info
Ботинки TOFA,2 599 руб.,8 699 руб.,No info
Ботинки PAVI,4 899 руб.,16 399 руб.,В кредит без переплаты от 817 руб./мес.
Ботинки PODIO,2 399 руб.,7 999 руб.,No info
Ботинки Magellan,3 799 руб.,12 699 руб.,В кредит без переплаты от 633 руб./мес.
Ботинки World of Magellan,999 руб.,9 999 руб.,No info
Ботинки GRUNBERG,3 699 руб.,12 399 руб.,В кредит без переплаты от 617 руб./мес.
Ботинки AG collection,3 699 руб.,12 399 руб.,В кредит без переплаты от 617 руб./мес.
Ботинки Bochetti,3 399 руб.,11 399 руб.,В кредит без переплаты от 567 руб./мес.
Ботинки Bochetti,3 299 руб.,10 999 руб.,No info
Ботинки Bochetti,10 599 руб.,15 199 руб.,В кредит без переплаты от 1 767 руб./мес.
Ботинки Bochetti,6 999 руб.,13 999 руб.,В кредит без переплаты от 1 167 руб./мес.
Ботинки Bochetti,3 999 руб.,13 399 руб.,В кредит без переплаты от 667 руб./мес.
Ботинки Magellan,4 999 руб.,8 399 руб.,В кредит без переплаты от 833 руб./мес.
Ботинки World of Magellan,6 999 руб.,10 799 руб.,В кредит без переплаты от 1 167 руб./мес.
Ботинки World of Magellan,3 299 руб.,10 999 руб.,No info
Ботинки World of Magellan,6 999 руб.,10 799 руб.,В кредит без переплаты от 1 167 руб./мес.
Ботинки World of Magellan,4 999 руб.,11 199 руб.,В кредит без переплаты от 833 руб./мес.
Ботинки TOFA,2 599 руб.,8 699 руб.,No info
Ботинки TOFA,5 999 руб.,8 599 руб.,В кредит без переплаты от 1 000 руб./мес.
Ботинки SASHASHOES,2 499 руб.,12 499 руб.,No info
Ботинки TOFA,6 699 руб.,9 599 руб.,В кредит без переплаты от 1 117 руб./мес.
Ботинки World of Magellan,7 799 руб.,11 199 руб.,В кредит без переплаты от 1 300 руб./мес.
Ботинки World of Magellan,2 699 руб.,8 999 руб.,No info
Ботинки Podio,4 699 руб.,15 699 руб.,В кредит без переплаты от 783 руб./мес.
Ботинки TOFA,2 999 руб.,9 999 руб.,No info
Ботинки TOFA,3 499 руб.,11 699 руб.,В кредит без переплаты от 583 руб./мес.
Ботинки Marco Tredi,2 599 руб.,8 699 руб.,No info
Ботинки TOFA,4 999 руб.,9 999 руб.,В кредит без переплаты от 833 руб./мес.
Ботинки Romer,8 899 руб.,12 799 руб.,В кредит без переплаты от 1 483 руб./мес.
